gr,freq,shape,colour,opacity,size
B70,2,square,black,0.8,1
B84,2,square,black,0.8,1
C03,2,square,black,0.8,1
C35,1,square,black,0.8,1
C45,3,square,black,0.8,1
C46,1,square,black,0.8,1
C64,1,square,black,0.8,1
C73,2,square,black,0.8,1
C83,5,square,black,0.8,1
C84,3,square,black,0.8,1
C94,2,square,black,0.8,1
D04,3,square,black,0.8,1
D00,2,square,black,0.8,1
D14,2,square,black,0.8,1
D10,2,square,black,0.8,1
D24,1,square,black,0.8,1
D22,2,square,black,0.8,1
D31,3,square,black,0.8,1
D30,1,square,black,0.8,1
D40,2,square,black,0.8,1
D50,1,square,black,0.8,1
F52,1,square,black,0.8,1
F62,2,square,black,0.8,1
F61,1,square,black,0.8,1
F63,2,square,black,0.8,1
F84,1,square,black,0.8,1
G04,1,square,black,0.8,1
G43,1,square,black,0.8,1
G53,1,square,black,0.8,1
G62,1,square,black,0.8,1
G65,1,square,black,0.8,1
G69,1,square,black,0.8,1
G75,1,square,black,0.8,1
G79,1,square,black,0.8,1
G97,1,square,black,0.8,1
H37,1,square,black,0.8,1
H47,2,square,black,0.8,1
H58,1,square,black,0.8,1
H57,1,square,black,0.8,1
H65,1,square,black,0.8,1
H76,3,square,black,0.8,1
H77,1,square,black,0.8,1
H86,5,square,black,0.8,1
H87,4,square,black,0.8,1
H85,2,square,black,0.8,1
H88,1,square,black,0.8,1
H84,1,square,black,0.8,1
H89,1,square,black,0.8,1
H95,3,square,black,0.8,1
H96,2,square,black,0.8,1
H99,2,square,black,0.8,1
H94,2,square,black,0.8,1
H91,1,square,black,0.8,1
HU15,1,square,black,0.8,1
HU27,1,square,black,0.8,1
HU37,2,square,black,0.8,1
HU35,1,square,black,0.8,1
HU36,1,square,black,0.8,1
HU40,1,square,black,0.8,1
HU44,2,square,black,0.8,1
HU42,2,square,black,0.8,1
J05,8,square,black,0.8,1
J08,2,square,black,0.8,1
J09,2,square,black,0.8,1
J00,2,square,black,0.8,1
J04,1,square,black,0.8,1
J06,3,square,black,0.8,1
J02,5,square,black,0.8,1
J01,1,square,black,0.8,1
J03,4,square,black,0.8,1
J13,1,square,black,0.8,1
J14,8,square,black,0.8,1
J16,5,square,black,0.8,1
J12,2,square,black,0.8,1
J11,8,square,black,0.8,1
J18,1,square,black,0.8,1
J15,4,square,black,0.8,1
J21,7,square,black,0.8,1
J23,2,square,black,0.8,1
J25,5,square,black,0.8,1
J26,11,square,black,0.8,1
J28,4,square,black,0.8,1
J20,1,square,black,0.8,1
J27,1,square,black,0.8,1
J29,1,square,black,0.8,1
J36,10,square,black,0.8,1
J37,17,square,black,0.8,1
J31,5,square,black,0.8,1
J38,4,square,black,0.8,1
J35,2,square,black,0.8,1
J32,6,square,black,0.8,1
J33,3,square,black,0.8,1
J34,2,square,black,0.8,1
J43,5,square,black,0.8,1
J44,5,square,black,0.8,1
J45,3,square,black,0.8,1
J47,11,square,black,0.8,1
J48,12,square,black,0.8,1
J49,1,square,black,0.8,1
J46,9,square,black,0.8,1
J53,10,square,black,0.8,1
J57,10,square,black,0.8,1
J58,10,square,black,0.8,1
J54,5,square,black,0.8,1
J55,6,square,black,0.8,1
J59,1,square,black,0.8,1
J56,6,square,black,0.8,1
J64,7,square,black,0.8,1
J65,10,square,black,0.8,1
J66,8,square,black,0.8,1
J67,4,square,black,0.8,1
J68,1,square,black,0.8,1
L67,1,square,black,0.8,1
L66,1,square,black,0.8,1
L93,1,square,black,0.8,1
L98,1,square,black,0.8,1
M00,1,square,black,0.8,1
M12,1,square,black,0.8,1
M20,1,square,black,0.8,1
M22,1,square,black,0.8,1
M31,1,square,black,0.8,1
M32,2,square,black,0.8,1
N00,1,square,black,0.8,1
N50,1,square,black,0.8,1
N60,1,square,black,0.8,1
N81,1,square,black,0.8,1
NB35,1,square,black,0.8,1
NB56,1,square,black,0.8,1
NC02,1,square,black,0.8,1
NC51,1,square,black,0.8,1
NC80,1,square,black,0.8,1
NC90,1,square,black,0.8,1
ND01,1,square,black,0.8,1
ND12,1,square,black,0.8,1
ND23,1,square,black,0.8,1
ND34,1,square,black,0.8,1
ND35,1,square,black,0.8,1
NF60,1,square,black,0.8,1
NF70,2,square,black,0.8,1
NF77,4,square,black,0.8,1
NF72,1,square,black,0.8,1
NF75,1,square,black,0.8,1
NF71,1,square,black,0.8,1
NF83,1,square,black,0.8,1
NF87,1,square,black,0.8,1
NF86,3,square,black,0.8,1
NF84,1,square,black,0.8,1
NF89,1,square,black,0.8,1
NG09,1,square,black,0.8,1
NG24,1,square,black,0.8,1
NG25,1,square,black,0.8,1
NG35,2,square,black,0.8,1
NG47,1,square,black,0.8,1
NG56,1,square,black,0.8,1
NG52,1,square,black,0.8,1
NG53,1,square,black,0.8,1
NG60,2,square,black,0.8,1
NG62,1,square,black,0.8,1
NG72,1,square,black,0.8,1
NG82,1,square,black,0.8,1
NH09,1,square,black,0.8,1
NH19,1,square,black,0.8,1
NH55,3,square,black,0.8,1
NH54,1,square,black,0.8,1
NH56,2,square,black,0.8,1
NH65,1,square,black,0.8,1
NH69,1,square,black,0.8,1
NH64,7,square,black,0.8,1
NH66,3,square,black,0.8,1
NH74,5,square,black,0.8,1
NH75,3,square,black,0.8,1
NH77,2,square,black,0.8,1
NH73,1,square,black,0.8,1
NH76,1,square,black,0.8,1
NH78,1,square,black,0.8,1
NH79,1,square,black,0.8,1
NH86,1,square,black,0.8,1
NH89,2,square,black,0.8,1
NH82,2,square,black,0.8,1
NH85,6,square,black,0.8,1
NH95,4,square,black,0.8,1
NH98,2,square,black,0.8,1
NH96,1,square,black,0.8,1
NJ02,2,square,black,0.8,1
NJ05,6,square,black,0.8,1
NJ06,6,square,black,0.8,1
NJ03,1,square,black,0.8,1
NJ16,16,square,black,0.8,1
NJ17,3,square,black,0.8,1
NJ15,1,square,black,0.8,1
NJ26,16,square,black,0.8,1
NJ27,2,square,black,0.8,1
NJ25,5,square,black,0.8,1
NJ24,2,square,black,0.8,1
NJ36,6,square,black,0.8,1
NJ35,5,square,black,0.8,1
NJ45,1,square,black,0.8,1
NJ46,3,square,black,0.8,1
NJ44,2,square,black,0.8,1
NJ56,5,square,black,0.8,1
NJ54,1,square,black,0.8,1
NJ53,1,square,black,0.8,1
NJ66,4,square,black,0.8,1
NJ61,2,square,black,0.8,1
NJ63,2,square,black,0.8,1
NJ62,2,square,black,0.8,1
NJ76,3,square,black,0.8,1
NJ86,3,square,black,0.8,1
NJ90,3,square,black,0.8,1
NK06,2,square,black,0.8,1
NK02,1,square,black,0.8,1
NK03,2,square,black,0.8,1
NK13,2,square,black,0.8,1
NK14,1,square,black,0.8,1
NL69,2,square,black,0.8,1
NL94,6,square,black,0.8,1
NL93,3,square,black,0.8,1
NM04,4,square,black,0.8,1
NM15,1,square,black,0.8,1
NM26,1,square,black,0.8,1
NM21,1,square,black,0.8,1
NM32,1,square,black,0.8,1
NM35,1,square,black,0.8,1
NM48,2,square,black,0.8,1
NM56,1,square,black,0.8,1
NM57,2,square,black,0.8,1
NM55,1,square,black,0.8,1
NM54,1,square,black,0.8,1
NM64,1,square,black,0.8,1
NM65,3,square,black,0.8,1
NM67,1,square,black,0.8,1
NM66,1,square,black,0.8,1
NM74,1,square,black,0.8,1
NM76,1,square,black,0.8,1
NM75,1,square,black,0.8,1
NM86,1,square,black,0.8,1
NM84,1,square,black,0.8,1
NM85,1,square,black,0.8,1
NM83,1,square,black,0.8,1
NN17,2,square,black,0.8,1
NN48,1,square,black,0.8,1
NN60,1,square,black,0.8,1
NN69,1,square,black,0.8,1
NN79,1,square,black,0.8,1
NN70,4,square,black,0.8,1
NN80,7,square,black,0.8,1
NN86,3,square,black,0.8,1
NN90,1,square,black,0.8,1
NN96,2,square,black,0.8,1
NN93,1,square,black,0.8,1
NN95,1,square,black,0.8,1
NO00,1,square,black,0.8,1
NO02,3,square,black,0.8,1
NO12,2,square,black,0.8,1
NO28,1,square,black,0.8,1
NO22,4,square,black,0.8,1
NO33,1,square,black,0.8,1
NO32,1,square,black,0.8,1
NO30,1,square,black,0.8,1
NO42,1,square,black,0.8,1
NO50,2,square,black,0.8,1
NO63,1,square,black,0.8,1
NO74,1,square,black,0.8,1
NO75,1,square,black,0.8,1
NO77,1,square,black,0.8,1
NO88,2,square,black,0.8,1
NR15,1,square,black,0.8,1
NR24,1,square,black,0.8,1
NR38,1,square,black,0.8,1
NR39,1,square,black,0.8,1
NR57,1,square,black,0.8,1
NR51,1,square,black,0.8,1
NR61,1,square,black,0.8,1
NR62,1,square,black,0.8,1
NR64,1,square,black,0.8,1
NR63,1,square,black,0.8,1
NR72,1,square,black,0.8,1
NR78,1,square,black,0.8,1
NR86,1,square,black,0.8,1
NS06,1,square,black,0.8,1
NS16,4,square,black,0.8,1
NS25,2,square,black,0.8,1
NS24,4,square,black,0.8,1
NS27,4,square,black,0.8,1
NS28,4,square,black,0.8,1
NS34,2,square,black,0.8,1
NS38,4,square,black,0.8,1
NS32,5,square,black,0.8,1
NS37,8,square,black,0.8,1
NS33,1,square,black,0.8,1
NS47,8,square,black,0.8,1
NS46,9,square,black,0.8,1
NS43,1,square,black,0.8,1
NS53,1,square,black,0.8,1
NS57,5,square,black,0.8,1
NS56,19,square,black,0.8,1
NS55,4,square,black,0.8,1
NS65,13,square,black,0.8,1
NS66,24,square,black,0.8,1
NS67,7,square,black,0.8,1
NS64,1,square,black,0.8,1
NS74,7,square,black,0.8,1
NS75,13,square,black,0.8,1
NS76,9,square,black,0.8,1
NS77,5,square,black,0.8,1
NS79,7,square,black,0.8,1
NS71,1,square,black,0.8,1
NS72,1,square,black,0.8,1
NS78,1,square,black,0.8,1
NS84,5,square,black,0.8,1
NS85,12,square,black,0.8,1
NS86,5,square,black,0.8,1
NS88,12,square,black,0.8,1
NS89,2,square,black,0.8,1
NS83,9,square,black,0.8,1
NS82,2,square,black,0.8,1
NS90,1,square,black,0.8,1
NS92,10,square,black,0.8,1
NS96,3,square,black,0.8,1
NS98,7,square,black,0.8,1
NS99,1,square,black,0.8,1
NS94,5,square,black,0.8,1
NS95,2,square,black,0.8,1
NS91,6,square,black,0.8,1
NS93,1,square,black,0.8,1
NS97,3,square,black,0.8,1
NT01,5,square,black,0.8,1
NT03,3,square,black,0.8,1
NT07,7,square,black,0.8,1
NT00,4,square,black,0.8,1
NT08,1,square,black,0.8,1
NT04,3,square,black,0.8,1
NT06,1,square,black,0.8,1
NT14,1,square,black,0.8,1
NT17,11,square,black,0.8,1
NT16,3,square,black,0.8,1
NT19,1,square,black,0.8,1
NT15,1,square,black,0.8,1
NT13,1,square,black,0.8,1
NT18,3,square,black,0.8,1
NT26,10,square,black,0.8,1
NT27,14,square,black,0.8,1
NT28,1,square,black,0.8,1
NT29,1,square,black,0.8,1
NT24,5,square,black,0.8,1
NT25,3,square,black,0.8,1
NT23,1,square,black,0.8,1
NT36,5,square,black,0.8,1
NT37,5,square,black,0.8,1
NT33,4,square,black,0.8,1
NT35,3,square,black,0.8,1
NT43,6,square,black,0.8,1
NT47,6,square,black,0.8,1
NT40,2,square,black,0.8,1
NT46,2,square,black,0.8,1
NT45,2,square,black,0.8,1
NT42,5,square,black,0.8,1
NT48,5,square,black,0.8,1
NT41,2,square,black,0.8,1
NT51,6,square,black,0.8,1
NT53,3,square,black,0.8,1
NT57,4,square,black,0.8,1
NT58,4,square,black,0.8,1
NT54,3,square,black,0.8,1
NT68,1,square,black,0.8,1
NT61,4,square,black,0.8,1
NT62,1,square,black,0.8,1
NT64,1,square,black,0.8,1
NT67,5,square,black,0.8,1
NT69,1,square,black,0.8,1
NT60,2,square,black,0.8,1
NT77,7,square,black,0.8,1
NT73,1,square,black,0.8,1
NT76,2,square,black,0.8,1
NT86,7,square,black,0.8,1
NT87,2,square,black,0.8,1
NT85,1,square,black,0.8,1
NT96,7,square,black,0.8,1
NT95,6,square,black,0.8,1
NT92,1,square,black,0.8,1
NT93,1,square,black,0.8,1
NU05,1,square,black,0.8,1
NU02,1,square,black,0.8,1
NU00,2,square,black,0.8,1
NU01,2,square,black,0.8,1
NU14,1,square,black,0.8,1
NU10,1,square,black,0.8,1
NU11,1,square,black,0.8,1
NU13,2,square,black,0.8,1
NU23,3,square,black,0.8,1
NU21,1,square,black,0.8,1
NU22,3,square,black,0.8,1
NU20,1,square,black,0.8,1
NW96,1,square,black,0.8,1
NW97,1,square,black,0.8,1
NW95,1,square,black,0.8,1
NX05,1,square,black,0.8,1
NX06,4,square,black,0.8,1
NX08,1,square,black,0.8,1
NX15,4,square,black,0.8,1
NX16,1,square,black,0.8,1
NX13,2,square,black,0.8,1
NX19,2,square,black,0.8,1
NX25,2,square,black,0.8,1
NX36,1,square,black,0.8,1
NX34,2,square,black,0.8,1
NX30,3,square,black,0.8,1
NX40,4,square,black,0.8,1
NX54,1,square,black,0.8,1
NX55,1,square,black,0.8,1
NX65,3,square,black,0.8,1
NX74,1,square,black,0.8,1
NX84,1,square,black,0.8,1
NX85,1,square,black,0.8,1
NX91,2,square,black,0.8,1
NX92,3,square,black,0.8,1
NX93,1,square,black,0.8,1
NX90,1,square,black,0.8,1
NY07,2,square,black,0.8,1
NY03,5,square,black,0.8,1
NY04,3,square,black,0.8,1
NY18,5,square,black,0.8,1
NY15,1,square,black,0.8,1
NY17,1,square,black,0.8,1
NY16,1,square,black,0.8,1
NY27,1,square,black,0.8,1
NY24,2,square,black,0.8,1
NY25,1,square,black,0.8,1
NY34,1,square,black,0.8,1
NY36,7,square,black,0.8,1
NY35,3,square,black,0.8,1
NY32,1,square,black,0.8,1
NY37,1,square,black,0.8,1
NY42,3,square,black,0.8,1
NY44,9,square,black,0.8,1
NY45,2,square,black,0.8,1
NY43,4,square,black,0.8,1
NY46,1,square,black,0.8,1
NY52,7,square,black,0.8,1
NY56,1,square,black,0.8,1
NY50,1,square,black,0.8,1
NY54,1,square,black,0.8,1
NY53,1,square,black,0.8,1
NY60,1,square,black,0.8,1
NY66,1,square,black,0.8,1
NY62,1,square,black,0.8,1
NY71,1,square,black,0.8,1
NY73,1,square,black,0.8,1
NY76,1,square,black,0.8,1
NY86,3,square,black,0.8,1
NY85,1,square,black,0.8,1
NY81,2,square,black,0.8,1
NY91,1,square,black,0.8,1
NY96,4,square,black,0.8,1
NY97,1,square,black,0.8,1
NY92,1,square,black,0.8,1
NZ06,4,square,black,0.8,1
NZ01,9,square,black,0.8,1
NZ04,5,square,black,0.8,1
NZ11,6,square,black,0.8,1
NZ14,3,square,black,0.8,1
NZ13,9,square,black,0.8,1
NZ16,8,square,black,0.8,1
NZ12,5,square,black,0.8,1
NZ19,5,square,black,0.8,1
NZ10,1,square,black,0.8,1
NZ15,6,square,black,0.8,1
NZ17,1,square,black,0.8,1
NZ18,2,square,black,0.8,1
NZ20,3,square,black,0.8,1
NZ22,9,square,black,0.8,1
NZ24,5,square,black,0.8,1
NZ26,14,square,black,0.8,1
NZ28,4,square,black,0.8,1
NZ25,14,square,black,0.8,1
NZ27,3,square,black,0.8,1
NZ21,7,square,black,0.8,1
NZ23,5,square,black,0.8,1
NZ29,1,square,black,0.8,1
NZ32,8,square,black,0.8,1
NZ33,7,square,black,0.8,1
NZ34,5,square,black,0.8,1
NZ35,15,square,black,0.8,1
NZ36,15,square,black,0.8,1
NZ38,2,square,black,0.8,1
NZ37,5,square,black,0.8,1
NZ43,6,square,black,0.8,1
NZ44,4,square,black,0.8,1
NZ45,2,square,black,0.8,1
NZ41,3,square,black,0.8,1
NZ42,7,square,black,0.8,1
NZ40,1,square,black,0.8,1
NZ52,4,square,black,0.8,1
NZ53,3,square,black,0.8,1
NZ61,4,square,black,0.8,1
NZ62,2,square,black,0.8,1
NZ71,5,square,black,0.8,1
NZ80,4,square,black,0.8,1
NZ81,3,square,black,0.8,1
NZ90,2,square,black,0.8,1
O07,1,square,black,0.8,1
O13,2,square,black,0.8,1
O12,1,square,black,0.8,1
O17,1,square,black,0.8,1
O18,1,square,black,0.8,1
O16,1,square,black,0.8,1
O23,2,square,black,0.8,1
O22,6,square,black,0.8,1
O24,2,square,black,0.8,1
O35,1,square,black,0.8,1
O30,1,square,black,0.8,1
O34,1,square,black,0.8,1
O33,1,square,black,0.8,1
Q61,1,square,black,0.8,1
Q74,1,square,black,0.8,1
Q72,2,square,black,0.8,1
Q73,1,square,black,0.8,1
Q84,2,square,black,0.8,1
Q85,1,square,black,0.8,1
Q97,2,square,black,0.8,1
Q94,1,square,black,0.8,1
R04,2,square,black,0.8,1
R09,1,square,black,0.8,1
R14,1,square,black,0.8,1
R52,1,square,black,0.8,1
S49,1,square,black,0.8,1
S59,1,square,black,0.8,1
S50,1,square,black,0.8,1
S51,1,square,black,0.8,1
S60,3,square,black,0.8,1
S70,11,square,black,0.8,1
S71,1,square,black,0.8,1
S80,10,square,black,0.8,1
S81,4,square,black,0.8,1
S90,9,square,black,0.8,1
S95,1,square,black,0.8,1
S91,1,square,black,0.8,1
SC16,3,square,black,0.8,1
SC27,4,square,black,0.8,1
SC26,7,square,black,0.8,1
SC28,2,square,black,0.8,1
SC38,2,square,black,0.8,1
SC37,8,square,black,0.8,1
SC39,5,square,black,0.8,1
SC47,1,square,black,0.8,1
SC49,1,square,black,0.8,1
SD08,1,square,black,0.8,1
SD09,3,square,black,0.8,1
SD18,2,square,black,0.8,1
SD17,3,square,black,0.8,1
SD16,4,square,black,0.8,1
SD26,1,square,black,0.8,1
SD20,4,square,black,0.8,1
SD21,1,square,black,0.8,1
SD30,17,square,black,0.8,1
SD31,19,square,black,0.8,1
SD33,19,square,black,0.8,1
SD34,13,square,black,0.8,1
SD37,1,square,black,0.8,1
SD32,10,square,black,0.8,1
SD38,3,square,black,0.8,1
SD35,1,square,black,0.8,1
SD40,20,square,black,0.8,1
SD41,14,square,black,0.8,1
SD42,12,square,black,0.8,1
SD43,12,square,black,0.8,1
SD44,6,square,black,0.8,1
SD45,10,square,black,0.8,1
SD46,13,square,black,0.8,1
SD47,7,square,black,0.8,1
SD48,10,square,black,0.8,1
SD50,16,square,black,0.8,1
SD52,19,square,black,0.8,1
SD53,18,square,black,0.8,1
SD54,5,square,black,0.8,1
SD55,2,square,black,0.8,1
SD56,8,square,black,0.8,1
SD57,4,square,black,0.8,1
SD58,8,square,black,0.8,1
SD59,3,square,black,0.8,1
SD51,9,square,black,0.8,1
SD60,13,square,black,0.8,1
SD61,12,square,black,0.8,1
SD62,12,square,black,0.8,1
SD63,10,square,black,0.8,1
SD67,2,square,black,0.8,1
SD64,2,square,black,0.8,1
SD69,1,square,black,0.8,1
SD70,17,square,black,0.8,1
SD71,6,square,black,0.8,1
SD72,17,square,black,0.8,1
SD73,18,square,black,0.8,1
SD77,1,square,black,0.8,1
SD76,2,square,black,0.8,1
SD74,4,square,black,0.8,1
SD80,11,square,black,0.8,1
SD81,12,square,black,0.8,1
SD82,5,square,black,0.8,1
SD83,10,square,black,0.8,1
SD86,1,square,black,0.8,1
SD84,5,square,black,0.8,1
SD85,3,square,black,0.8,1
SD90,6,square,black,0.8,1
SD91,8,square,black,0.8,1
SD94,4,square,black,0.8,1
SD99,2,square,black,0.8,1
SD95,3,square,black,0.8,1
SE05,7,square,black,0.8,1
SE04,3,square,black,0.8,1
SE03,1,square,black,0.8,1
SE09,1,square,black,0.8,1
SE08,2,square,black,0.8,1
SE02,2,square,black,0.8,1
SE00,2,square,black,0.8,1
SE13,7,square,black,0.8,1
SE14,4,square,black,0.8,1
SE19,4,square,black,0.8,1
SE10,4,square,black,0.8,1
SE18,1,square,black,0.8,1
SE11,1,square,black,0.8,1
SE15,2,square,black,0.8,1
SE12,2,square,black,0.8,1
SE20,6,square,black,0.8,1
SE24,9,square,black,0.8,1
SE29,5,square,black,0.8,1
SE23,3,square,black,0.8,1
SE28,1,square,black,0.8,1
SE25,3,square,black,0.8,1
SE21,2,square,black,0.8,1
SE30,12,square,black,0.8,1
SE33,7,square,black,0.8,1
SE35,9,square,black,0.8,1
SE36,4,square,black,0.8,1
SE37,2,square,black,0.8,1
SE31,2,square,black,0.8,1
SE32,3,square,black,0.8,1
SE34,1,square,black,0.8,1
SE40,9,square,black,0.8,1
SE44,9,square,black,0.8,1
SE45,11,square,black,0.8,1
SE43,2,square,black,0.8,1
SE41,2,square,black,0.8,1
SE42,2,square,black,0.8,1
SE50,17,square,black,0.8,1
SE51,5,square,black,0.8,1
SE52,3,square,black,0.8,1
SE54,5,square,black,0.8,1
SE55,1,square,black,0.8,1
SE56,2,square,black,0.8,1
SE60,15,square,black,0.8,1
SE62,4,square,black,0.8,1
SE61,8,square,black,0.8,1
SE70,8,square,black,0.8,1
SE71,5,square,black,0.8,1
SE72,3,square,black,0.8,1
SE76,3,square,black,0.8,1
SE78,1,square,black,0.8,1
SE80,13,square,black,0.8,1
SE81,10,square,black,0.8,1
SE84,8,square,black,0.8,1
SE89,1,square,black,0.8,1
SE87,1,square,black,0.8,1
SE88,1,square,black,0.8,1
SE90,12,square,black,0.8,1
SE91,5,square,black,0.8,1
SE93,1,square,black,0.8,1
SE94,4,square,black,0.8,1
SE98,6,square,black,0.8,1
SE92,3,square,black,0.8,1
SE99,1,square,black,0.8,1
SE97,2,square,black,0.8,1
SH12,8,square,black,0.8,1
SH13,2,square,black,0.8,1
SH22,2,square,black,0.8,1
SH27,9,square,black,0.8,1
SH28,11,square,black,0.8,1
SH29,3,square,black,0.8,1
SH33,2,square,black,0.8,1
SH34,4,square,black,0.8,1
SH37,15,square,black,0.8,1
SH38,6,square,black,0.8,1
SH39,8,square,black,0.8,1
SH32,1,square,black,0.8,1
SH36,8,square,black,0.8,1
SH46,8,square,black,0.8,1
SH47,13,square,black,0.8,1
SH43,3,square,black,0.8,1
SH44,1,square,black,0.8,1
SH45,8,square,black,0.8,1
SH48,1,square,black,0.8,1
SH49,7,square,black,0.8,1
SH53,2,square,black,0.8,1
SH55,2,square,black,0.8,1
SH56,7,square,black,0.8,1
SH58,7,square,black,0.8,1
SH57,14,square,black,0.8,1
SH50,3,square,black,0.8,1
SH52,3,square,black,0.8,1
SH51,2,square,black,0.8,1
SH61,5,square,black,0.8,1
SH65,3,square,black,0.8,1
SH67,6,square,black,0.8,1
SH68,4,square,black,0.8,1
SH66,3,square,black,0.8,1
SH77,5,square,black,0.8,1
SH70,2,square,black,0.8,1
SH78,7,square,black,0.8,1
SH76,1,square,black,0.8,1
SH87,5,square,black,0.8,1
SH88,4,square,black,0.8,1
SH80,1,square,black,0.8,1
SH93,2,square,black,0.8,1
SH95,1,square,black,0.8,1
SH97,8,square,black,0.8,1
SH91,1,square,black,0.8,1
SH98,2,square,black,0.8,1
SJ08,7,square,black,0.8,1
SJ04,1,square,black,0.8,1
SJ07,7,square,black,0.8,1
SJ06,5,square,black,0.8,1
SJ00,1,square,black,0.8,1
SJ18,7,square,black,0.8,1
SJ15,5,square,black,0.8,1
SJ17,14,square,black,0.8,1
SJ14,3,square,black,0.8,1
SJ16,2,square,black,0.8,1
SJ10,5,square,black,0.8,1
SJ20,7,square,black,0.8,1
SJ24,5,square,black,0.8,1
SJ26,13,square,black,0.8,1
SJ27,8,square,black,0.8,1
SJ28,2,square,black,0.8,1
SJ29,2,square,black,0.8,1
SJ21,10,square,black,0.8,1
SJ25,2,square,black,0.8,1
SJ22,7,square,black,0.8,1
SJ23,5,square,black,0.8,1
SJ31,8,square,black,0.8,1
SJ32,8,square,black,0.8,1
SJ33,4,square,black,0.8,1
SJ34,6,square,black,0.8,1
SJ35,16,square,black,0.8,1
SJ36,17,square,black,0.8,1
SJ38,5,square,black,0.8,1
SJ39,15,square,black,0.8,1
SJ37,5,square,black,0.8,1
SJ30,1,square,black,0.8,1
SJ40,8,square,black,0.8,1
SJ41,11,square,black,0.8,1
SJ44,5,square,black,0.8,1
SJ49,15,square,black,0.8,1
SJ46,2,square,black,0.8,1
SJ47,1,square,black,0.8,1
SJ48,11,square,black,0.8,1
SJ43,2,square,black,0.8,1
SJ51,12,square,black,0.8,1
SJ54,4,square,black,0.8,1
SJ58,12,square,black,0.8,1
SJ59,21,square,black,0.8,1
SJ50,6,square,black,0.8,1
SJ52,8,square,black,0.8,1
SJ53,8,square,black,0.8,1
SJ56,2,square,black,0.8,1
SJ61,8,square,black,0.8,1
SJ67,3,square,black,0.8,1
SJ68,5,square,black,0.8,1
SJ69,19,square,black,0.8,1
SJ62,6,square,black,0.8,1
SJ63,4,square,black,0.8,1
SJ64,3,square,black,0.8,1
SJ60,2,square,black,0.8,1
SJ65,1,square,black,0.8,1
SJ66,1,square,black,0.8,1
SJ70,9,square,black,0.8,1
SJ75,3,square,black,0.8,1
SJ76,3,square,black,0.8,1
SJ79,16,square,black,0.8,1
SJ72,2,square,black,0.8,1
SJ78,3,square,black,0.8,1
SJ77,2,square,black,0.8,1
SJ71,1,square,black,0.8,1
SJ74,1,square,black,0.8,1
SJ80,7,square,black,0.8,1
SJ88,8,square,black,0.8,1
SJ89,10,square,black,0.8,1
SJ84,7,square,black,0.8,1
SJ87,2,square,black,0.8,1
SJ85,2,square,black,0.8,1
SJ83,1,square,black,0.8,1
SJ90,7,square,black,0.8,1
SJ92,1,square,black,0.8,1
SJ97,3,square,black,0.8,1
SJ93,2,square,black,0.8,1
SJ98,6,square,black,0.8,1
SJ99,4,square,black,0.8,1
SJ94,4,square,black,0.8,1
SJ95,4,square,black,0.8,1
SJ96,1,square,black,0.8,1
SK00,10,square,black,0.8,1
SK08,14,square,black,0.8,1
SK09,8,square,black,0.8,1
SK06,2,square,black,0.8,1
SK03,2,square,black,0.8,1
SK07,3,square,black,0.8,1
SK10,3,square,black,0.8,1
SK16,2,square,black,0.8,1
SK17,7,square,black,0.8,1
SK13,6,square,black,0.8,1
SK19,1,square,black,0.8,1
SK14,4,square,black,0.8,1
SK15,1,square,black,0.8,1
SK18,5,square,black,0.8,1
SK11,1,square,black,0.8,1
SK12,1,square,black,0.8,1
SK21,5,square,black,0.8,1
SK22,6,square,black,0.8,1
SK23,10,square,black,0.8,1
SK27,14,square,black,0.8,1
SK28,10,square,black,0.8,1
SK24,9,square,black,0.8,1
SK26,6,square,black,0.8,1
SK20,6,square,black,0.8,1
SK25,5,square,black,0.8,1
SK29,3,square,black,0.8,1
SK30,6,square,black,0.8,1
SK32,7,square,black,0.8,1
SK33,19,square,black,0.8,1
SK34,14,square,black,0.8,1
SK35,15,square,black,0.8,1
SK37,15,square,black,0.8,1
SK38,7,square,black,0.8,1
SK39,10,square,black,0.8,1
SK31,3,square,black,0.8,1
SK36,9,square,black,0.8,1
SK40,8,square,black,0.8,1
SK43,15,square,black,0.8,1
SK44,14,square,black,0.8,1
SK45,18,square,black,0.8,1
SK46,9,square,black,0.8,1
SK47,8,square,black,0.8,1
SK48,10,square,black,0.8,1
SK49,9,square,black,0.8,1
SK41,12,square,black,0.8,1
SK42,10,square,black,0.8,1
SK50,21,square,black,0.8,1
SK52,15,square,black,0.8,1
SK53,19,square,black,0.8,1
SK54,20,square,black,0.8,1
SK55,22,square,black,0.8,1
SK56,19,square,black,0.8,1
SK57,17,square,black,0.8,1
SK59,19,square,black,0.8,1
SK51,11,square,black,0.8,1
SK58,10,square,black,0.8,1
SK60,12,square,black,0.8,1
SK61,9,square,black,0.8,1
SK63,17,square,black,0.8,1
SK64,22,square,black,0.8,1
SK65,21,square,black,0.8,1
SK66,16,square,black,0.8,1
SK67,19,square,black,0.8,1
SK68,16,square,black,0.8,1
SK69,20,square,black,0.8,1
SK62,8,square,black,0.8,1
SK70,5,square,black,0.8,1
SK71,6,square,black,0.8,1
SK72,5,square,black,0.8,1
SK73,8,square,black,0.8,1
SK74,6,square,black,0.8,1
SK75,16,square,black,0.8,1
SK76,12,square,black,0.8,1
SK77,14,square,black,0.8,1
SK79,5,square,black,0.8,1
SK78,7,square,black,0.8,1
SK80,9,square,black,0.8,1
SK82,3,square,black,0.8,1
SK83,5,square,black,0.8,1
SK85,13,square,black,0.8,1
SK86,9,square,black,0.8,1
SK87,11,square,black,0.8,1
SK89,10,square,black,0.8,1
SK81,2,square,black,0.8,1
SK88,8,square,black,0.8,1
SK84,5,square,black,0.8,1
SK90,4,square,black,0.8,1
SK93,11,square,black,0.8,1
SK96,7,square,black,0.8,1
SK97,13,square,black,0.8,1
SK98,8,square,black,0.8,1
SK99,6,square,black,0.8,1
SK95,3,square,black,0.8,1
SK92,5,square,black,0.8,1
SK91,3,square,black,0.8,1
SK94,5,square,black,0.8,1
SM50,1,square,black,0.8,1
SM62,1,square,black,0.8,1
SM72,7,square,black,0.8,1
SM71,2,square,black,0.8,1
SM70,2,square,black,0.8,1
SM73,1,square,black,0.8,1
SM82,3,square,black,0.8,1
SM83,4,square,black,0.8,1
SM81,1,square,black,0.8,1
SM80,1,square,black,0.8,1
SM84,1,square,black,0.8,1
SM91,4,square,black,0.8,1
SM90,5,square,black,0.8,1
SM93,5,square,black,0.8,1
SM92,2,square,black,0.8,1
SM94,1,square,black,0.8,1
SN03,2,square,black,0.8,1
SN04,2,square,black,0.8,1
SN00,1,square,black,0.8,1
SN01,1,square,black,0.8,1
SN11,3,square,black,0.8,1
SN14,3,square,black,0.8,1
SN10,3,square,black,0.8,1
SN15,3,square,black,0.8,1
SN20,2,square,black,0.8,1
SN21,2,square,black,0.8,1
SN25,1,square,black,0.8,1
SN24,1,square,black,0.8,1
SN31,2,square,black,0.8,1
SN34,1,square,black,0.8,1
SN30,2,square,black,0.8,1
SN40,7,square,black,0.8,1
SN41,3,square,black,0.8,1
SN42,2,square,black,0.8,1
SN45,2,square,black,0.8,1
SN50,8,square,black,0.8,1
SN51,4,square,black,0.8,1
SN57,2,square,black,0.8,1
SN58,4,square,black,0.8,1
SN59,2,square,black,0.8,1
SN60,1,square,black,0.8,1
SN69,4,square,black,0.8,1
SN61,1,square,black,0.8,1
SN78,1,square,black,0.8,1
SN79,1,square,black,0.8,1
SN71,1,square,black,0.8,1
SN70,1,square,black,0.8,1
SN80,3,square,black,0.8,1
SN88,1,square,black,0.8,1
SN90,1,square,black,0.8,1
SN98,2,square,black,0.8,1
SN92,1,square,black,0.8,1
SO08,2,square,black,0.8,1
SO02,3,square,black,0.8,1
SO09,2,square,black,0.8,1
SO00,1,square,black,0.8,1
SO04,1,square,black,0.8,1
SO19,6,square,black,0.8,1
SO16,1,square,black,0.8,1
SO10,2,square,black,0.8,1
SO13,2,square,black,0.8,1
SO11,1,square,black,0.8,1
SO14,1,square,black,0.8,1
SO21,6,square,black,0.8,1
SO20,2,square,black,0.8,1
SO29,1,square,black,0.8,1
SO30,3,square,black,0.8,1
SO31,2,square,black,0.8,1
SO32,3,square,black,0.8,1
SO39,1,square,black,0.8,1
SO37,1,square,black,0.8,1
SO40,4,square,black,0.8,1
SO43,7,square,black,0.8,1
SO44,3,square,black,0.8,1
SO48,3,square,black,0.8,1
SO47,2,square,black,0.8,1
SO41,2,square,black,0.8,1
SO49,1,square,black,0.8,1
SO51,8,square,black,0.8,1
SO53,3,square,black,0.8,1
SO54,11,square,black,0.8,1
SO55,4,square,black,0.8,1
SO52,7,square,black,0.8,1
SO56,2,square,black,0.8,1
SO50,2,square,black,0.8,1
SO60,3,square,black,0.8,1
SO62,11,square,black,0.8,1
SO64,8,square,black,0.8,1
SO66,3,square,black,0.8,1
SO61,4,square,black,0.8,1
SO69,5,square,black,0.8,1
SO65,2,square,black,0.8,1
SO63,2,square,black,0.8,1
SO67,1,square,black,0.8,1
SO73,11,square,black,0.8,1
SO74,9,square,black,0.8,1
SO76,5,square,black,0.8,1
SO70,13,square,black,0.8,1
SO71,13,square,black,0.8,1
SO72,7,square,black,0.8,1
SO77,3,square,black,0.8,1
SO79,10,square,black,0.8,1
SO75,3,square,black,0.8,1
SO78,2,square,black,0.8,1
SO80,11,square,black,0.8,1
SO81,18,square,black,0.8,1
SO82,9,square,black,0.8,1
SO83,12,square,black,0.8,1
SO84,15,square,black,0.8,1
SO85,16,square,black,0.8,1
SO86,17,square,black,0.8,1
SO87,22,square,black,0.8,1
SO89,7,square,black,0.8,1
SO88,8,square,black,0.8,1
SO91,10,square,black,0.8,1
SO92,14,square,black,0.8,1
SO93,10,square,black,0.8,1
SO94,12,square,black,0.8,1
SO95,6,square,black,0.8,1
SO96,14,square,black,0.8,1
SO97,19,square,black,0.8,1
SO98,22,square,black,0.8,1
SO99,14,square,black,0.8,1
SO90,2,square,black,0.8,1
SP00,5,square,black,0.8,1
SP02,1,square,black,0.8,1
SP03,2,square,black,0.8,1
SP06,16,square,black,0.8,1
SP07,18,square,black,0.8,1
SP08,22,square,black,0.8,1
SP09,16,square,black,0.8,1
SP04,13,square,black,0.8,1
SP01,6,square,black,0.8,1
SP05,6,square,black,0.8,1
SP11,6,square,black,0.8,1
SP14,4,square,black,0.8,1
SP16,6,square,black,0.8,1
SP18,16,square,black,0.8,1
SP19,18,square,black,0.8,1
SP13,1,square,black,0.8,1
SP15,5,square,black,0.8,1
SP17,8,square,black,0.8,1
SP12,1,square,black,0.8,1
SP21,3,square,black,0.8,1
SP24,6,square,black,0.8,1
SP25,11,square,black,0.8,1
SP26,18,square,black,0.8,1
SP29,10,square,black,0.8,1
SP23,6,square,black,0.8,1
SP28,8,square,black,0.8,1
SP27,4,square,black,0.8,1
SP22,1,square,black,0.8,1
SP34,1,square,black,0.8,1
SP36,7,square,black,0.8,1
SP37,7,square,black,0.8,1
SP38,9,square,black,0.8,1
SP39,13,square,black,0.8,1
SP35,7,square,black,0.8,1
SP30,1,square,black,0.8,1
SP32,2,square,black,0.8,1
SP31,1,square,black,0.8,1
SP44,7,square,black,0.8,1
SP46,10,square,black,0.8,1
SP47,11,square,black,0.8,1
SP48,10,square,black,0.8,1
SP49,10,square,black,0.8,1
SP43,1,square,black,0.8,1
SP45,5,square,black,0.8,1
SP41,8,square,black,0.8,1
SP40,9,square,black,0.8,1
SP42,2,square,black,0.8,1
SP50,11,square,black,0.8,1
SP51,2,square,black,0.8,1
SP53,4,square,black,0.8,1
SP56,12,square,black,0.8,1
SP57,9,square,black,0.8,1
SP58,5,square,black,0.8,1
SP54,3,square,black,0.8,1
SP59,9,square,black,0.8,1
SP52,3,square,black,0.8,1
SP60,4,square,black,0.8,1
SP66,8,square,black,0.8,1
SP67,6,square,black,0.8,1
SP61,2,square,black,0.8,1
SP68,2,square,black,0.8,1
SP63,3,square,black,0.8,1
SP65,2,square,black,0.8,1
SP69,2,square,black,0.8,1
SP64,1,square,black,0.8,1
SP70,6,square,black,0.8,1
SP71,10,square,black,0.8,1
SP73,8,square,black,0.8,1
SP75,13,square,black,0.8,1
SP76,15,square,black,0.8,1
SP77,2,square,black,0.8,1
SP78,4,square,black,0.8,1
SP72,1,square,black,0.8,1
SP74,2,square,black,0.8,1
SP79,1,square,black,0.8,1
SP80,10,square,black,0.8,1
SP81,12,square,black,0.8,1
SP82,3,square,black,0.8,1
SP83,16,square,black,0.8,1
SP84,14,square,black,0.8,1
SP86,13,square,black,0.8,1
SP88,7,square,black,0.8,1
SP85,4,square,black,0.8,1
SP87,8,square,black,0.8,1
SP89,3,square,black,0.8,1
SP90,1,square,black,0.8,1
SP91,4,square,black,0.8,1
SP92,6,square,black,0.8,1
SP93,6,square,black,0.8,1
SP95,2,square,black,0.8,1
SP96,5,square,black,0.8,1
SP98,3,square,black,0.8,1
SP97,3,square,black,0.8,1
SP99,7,square,black,0.8,1
SP94,1,square,black,0.8,1
SR89,3,square,black,0.8,1
SR99,7,square,black,0.8,1
SS09,2,square,black,0.8,1
SS19,6,square,black,0.8,1
SS14,5,square,black,0.8,1
SS10,3,square,black,0.8,1
SS11,2,square,black,0.8,1
SS20,6,square,black,0.8,1
SS21,5,square,black,0.8,1
SS22,6,square,black,0.8,1
SS32,2,square,black,0.8,1
SS38,1,square,black,0.8,1
SS39,1,square,black,0.8,1
SS42,9,square,black,0.8,1
SS49,9,square,black,0.8,1
SS48,7,square,black,0.8,1
SS43,10,square,black,0.8,1
SS44,7,square,black,0.8,1
SS41,1,square,black,0.8,1
SS52,1,square,black,0.8,1
SS53,5,square,black,0.8,1
SS54,8,square,black,0.8,1
SS58,8,square,black,0.8,1
SS59,7,square,black,0.8,1
SS63,2,square,black,0.8,1
SS68,3,square,black,0.8,1
SS69,16,square,black,0.8,1
SS64,3,square,black,0.8,1
SS62,2,square,black,0.8,1
SS72,5,square,black,0.8,1
SS74,3,square,black,0.8,1
SS79,13,square,black,0.8,1
SS78,8,square,black,0.8,1
SS70,1,square,black,0.8,1
SS77,1,square,black,0.8,1
SS82,5,square,black,0.8,1
SS84,6,square,black,0.8,1
SS88,7,square,black,0.8,1
SS89,1,square,black,0.8,1
SS81,3,square,black,0.8,1
SS87,2,square,black,0.8,1
SS91,7,square,black,0.8,1
SS94,9,square,black,0.8,1
SS97,4,square,black,0.8,1
SS98,6,square,black,0.8,1
SS96,2,square,black,0.8,1
SS90,2,square,black,0.8,1
ST01,8,square,black,0.8,1
ST04,9,square,black,0.8,1
ST07,5,square,black,0.8,1
ST08,8,square,black,0.8,1
ST00,5,square,black,0.8,1
ST03,1,square,black,0.8,1
ST06,4,square,black,0.8,1
ST09,4,square,black,0.8,1
ST11,5,square,black,0.8,1
ST13,10,square,black,0.8,1
ST14,4,square,black,0.8,1
ST18,9,square,black,0.8,1
ST16,4,square,black,0.8,1
ST17,5,square,black,0.8,1
ST12,9,square,black,0.8,1
ST10,3,square,black,0.8,1
ST19,2,square,black,0.8,1
ST22,16,square,black,0.8,1
ST23,8,square,black,0.8,1
ST27,1,square,black,0.8,1
ST28,8,square,black,0.8,1
ST29,6,square,black,0.8,1
ST26,2,square,black,0.8,1
ST24,1,square,black,0.8,1
ST21,3,square,black,0.8,1
ST25,2,square,black,0.8,1
ST31,12,square,black,0.8,1
ST32,6,square,black,0.8,1
ST33,15,square,black,0.8,1
ST34,16,square,black,0.8,1
ST36,9,square,black,0.8,1
ST39,4,square,black,0.8,1
ST38,4,square,black,0.8,1
ST30,1,square,black,0.8,1
ST35,13,square,black,0.8,1
ST41,10,square,black,0.8,1
ST43,11,square,black,0.8,1
ST45,12,square,black,0.8,1
ST46,9,square,black,0.8,1
ST47,13,square,black,0.8,1
ST48,4,square,black,0.8,1
ST49,2,square,black,0.8,1
ST42,3,square,black,0.8,1
ST40,1,square,black,0.8,1
ST44,1,square,black,0.8,1
ST52,14,square,black,0.8,1
ST53,6,square,black,0.8,1
ST54,9,square,black,0.8,1
ST56,10,square,black,0.8,1
ST57,20,square,black,0.8,1
ST59,6,square,black,0.8,1
ST51,9,square,black,0.8,1
ST58,13,square,black,0.8,1
ST55,5,square,black,0.8,1
ST62,6,square,black,0.8,1
ST66,14,square,black,0.8,1
ST67,18,square,black,0.8,1
ST68,17,square,black,0.8,1
ST63,1,square,black,0.8,1
ST65,8,square,black,0.8,1
ST64,5,square,black,0.8,1
ST69,6,square,black,0.8,1
ST72,5,square,black,0.8,1
ST75,4,square,black,0.8,1
ST76,14,square,black,0.8,1
ST77,12,square,black,0.8,1
ST78,7,square,black,0.8,1
ST79,6,square,black,0.8,1
ST71,1,square,black,0.8,1
ST73,4,square,black,0.8,1
ST74,2,square,black,0.8,1
ST83,5,square,black,0.8,1
ST84,3,square,black,0.8,1
ST85,7,square,black,0.8,1
ST86,5,square,black,0.8,1
ST88,1,square,black,0.8,1
ST89,4,square,black,0.8,1
ST87,1,square,black,0.8,1
ST93,7,square,black,0.8,1
ST96,8,square,black,0.8,1
ST97,7,square,black,0.8,1
ST94,2,square,black,0.8,1
ST91,1,square,black,0.8,1
SU03,7,square,black,0.8,1
SU07,1,square,black,0.8,1
SU06,2,square,black,0.8,1
SU09,2,square,black,0.8,1
SU00,2,square,black,0.8,1
SU04,4,square,black,0.8,1
SU08,4,square,black,0.8,1
SU10,12,square,black,0.8,1
SU14,7,square,black,0.8,1
SU18,10,square,black,0.8,1
SU17,1,square,black,0.8,1
SU12,7,square,black,0.8,1
SU13,5,square,black,0.8,1
SU16,2,square,black,0.8,1
SU11,2,square,black,0.8,1
SU20,6,square,black,0.8,1
SU24,7,square,black,0.8,1
SU25,3,square,black,0.8,1
SU29,5,square,black,0.8,1
SU22,2,square,black,0.8,1
SU23,3,square,black,0.8,1
SU28,3,square,black,0.8,1
SU21,7,square,black,0.8,1
SU27,1,square,black,0.8,1
SU30,7,square,black,0.8,1
SU31,19,square,black,0.8,1
SU34,13,square,black,0.8,1
SU36,4,square,black,0.8,1
SU37,8,square,black,0.8,1
SU39,6,square,black,0.8,1
SU32,5,square,black,0.8,1
SU40,12,square,black,0.8,1
SU41,19,square,black,0.8,1
SU44,12,square,black,0.8,1
SU46,12,square,black,0.8,1
SU47,10,square,black,0.8,1
SU49,12,square,black,0.8,1
SU42,12,square,black,0.8,1
SU43,8,square,black,0.8,1
SU45,6,square,black,0.8,1
SU48,5,square,black,0.8,1
SU50,16,square,black,0.8,1
SU51,6,square,black,0.8,1
SU53,5,square,black,0.8,1
SU54,11,square,black,0.8,1
SU56,8,square,black,0.8,1
SU57,6,square,black,0.8,1
SU59,7,square,black,0.8,1
SU52,3,square,black,0.8,1
SU55,7,square,black,0.8,1
SU60,10,square,black,0.8,1
SU64,4,square,black,0.8,1
SU65,11,square,black,0.8,1
SU66,7,square,black,0.8,1
SU67,11,square,black,0.8,1
SU69,1,square,black,0.8,1
SU63,1,square,black,0.8,1
SU68,2,square,black,0.8,1
SU70,6,square,black,0.8,1
SU75,15,square,black,0.8,1
SU76,14,square,black,0.8,1
SU71,1,square,black,0.8,1
SU73,7,square,black,0.8,1
SU77,12,square,black,0.8,1
SU72,9,square,black,0.8,1
SU74,4,square,black,0.8,1
SU79,3,square,black,0.8,1
SU78,1,square,black,0.8,1
SU80,3,square,black,0.8,1
SU83,5,square,black,0.8,1
SU85,21,square,black,0.8,1
SU87,13,square,black,0.8,1
SU89,12,square,black,0.8,1
SU84,11,square,black,0.8,1
SU88,12,square,black,0.8,1
SU86,11,square,black,0.8,1
SU93,3,square,black,0.8,1
SU94,15,square,black,0.8,1
SU96,23,square,black,0.8,1
SU97,18,square,black,0.8,1
SU98,9,square,black,0.8,1
SU99,10,square,black,0.8,1
SU95,15,square,black,0.8,1
SU92,1,square,black,0.8,1
SV80,5,square,black,0.8,1
SV81,7,square,black,0.8,1
SV91,9,square,black,0.8,1
SV90,1,square,black,0.8,1
SW32,11,square,black,0.8,1
SW33,8,square,black,0.8,1
SW42,10,square,black,0.8,1
SW43,13,square,black,0.8,1
SW44,2,square,black,0.8,1
SW53,12,square,black,0.8,1
SW54,4,square,black,0.8,1
SW52,6,square,black,0.8,1
SW62,15,square,black,0.8,1
SW63,7,square,black,0.8,1
SW64,16,square,black,0.8,1
SW61,9,square,black,0.8,1
SW65,1,square,black,0.8,1
SW71,12,square,black,0.8,1
SW72,5,square,black,0.8,1
SW74,14,square,black,0.8,1
SW75,12,square,black,0.8,1
SW73,9,square,black,0.8,1
SW76,3,square,black,0.8,1
SW82,2,square,black,0.8,1
SW83,18,square,black,0.8,1
SW85,14,square,black,0.8,1
SW86,14,square,black,0.8,1
SW84,8,square,black,0.8,1
SW87,12,square,black,0.8,1
SW93,6,square,black,0.8,1
SW94,6,square,black,0.8,1
SW95,8,square,black,0.8,1
SW96,6,square,black,0.8,1
SW97,19,square,black,0.8,1
SW98,4,square,black,0.8,1
SX03,1,square,black,0.8,1
SX04,10,square,black,0.8,1
SX05,14,square,black,0.8,1
SX06,10,square,black,0.8,1
SX08,8,square,black,0.8,1
SX09,2,square,black,0.8,1
SX07,1,square,black,0.8,1
SX15,10,square,black,0.8,1
SX16,2,square,black,0.8,1
SX18,2,square,black,0.8,1
SX19,9,square,black,0.8,1
SX17,3,square,black,0.8,1
SX25,14,square,black,0.8,1
SX29,1,square,black,0.8,1
SX26,7,square,black,0.8,1
SX28,6,square,black,0.8,1
SX27,1,square,black,0.8,1
SX35,15,square,black,0.8,1
SX36,7,square,black,0.8,1
SX38,8,square,black,0.8,1
SX37,1,square,black,0.8,1
SX45,21,square,black,0.8,1
SX48,5,square,black,0.8,1
SX44,4,square,black,0.8,1
SX46,8,square,black,0.8,1
SX54,8,square,black,0.8,1
SX55,8,square,black,0.8,1
SX56,3,square,black,0.8,1
SX59,2,square,black,0.8,1
SX64,10,square,black,0.8,1
SX65,7,square,black,0.8,1
SX69,3,square,black,0.8,1
SX63,3,square,black,0.8,1
SX73,9,square,black,0.8,1
SX74,3,square,black,0.8,1
SX75,1,square,black,0.8,1
SX79,5,square,black,0.8,1
SX76,7,square,black,0.8,1
SX77,3,square,black,0.8,1
SX83,3,square,black,0.8,1
SX84,9,square,black,0.8,1
SX85,8,square,black,0.8,1
SX86,8,square,black,0.8,1
SX89,8,square,black,0.8,1
SX87,16,square,black,0.8,1
SX88,3,square,black,0.8,1
SX94,1,square,black,0.8,1
SX95,6,square,black,0.8,1
SX96,6,square,black,0.8,1
SX97,8,square,black,0.8,1
SX98,16,square,black,0.8,1
SX99,14,square,black,0.8,1
SY07,2,square,black,0.8,1
SY08,6,square,black,0.8,1
SY09,4,square,black,0.8,1
SY19,1,square,black,0.8,1
SY18,1,square,black,0.8,1
SY28,3,square,black,0.8,1
SY29,2,square,black,0.8,1
SY39,3,square,black,0.8,1
SY49,5,square,black,0.8,1
SY58,1,square,black,0.8,1
SY68,2,square,black,0.8,1
SY67,8,square,black,0.8,1
SY66,2,square,black,0.8,1
SY77,1,square,black,0.8,1
SY79,1,square,black,0.8,1
SY78,1,square,black,0.8,1
SY87,1,square,black,0.8,1
SY98,8,square,black,0.8,1
SY97,4,square,black,0.8,1
SZ07,4,square,black,0.8,1
SZ08,8,square,black,0.8,1
SZ09,7,square,black,0.8,1
SZ19,19,square,black,0.8,1
SZ29,13,square,black,0.8,1
SZ28,1,square,black,0.8,1
SZ38,7,square,black,0.8,1
SZ39,9,square,black,0.8,1
SZ49,5,square,black,0.8,1
SZ48,2,square,black,0.8,1
SZ59,10,square,black,0.8,1
SZ57,1,square,black,0.8,1
SZ69,8,square,black,0.8,1
SZ68,1,square,black,0.8,1
SZ79,5,square,black,0.8,1
SZ89,2,square,black,0.8,1
T00,7,square,black,0.8,1
T02,6,square,black,0.8,1
T01,2,square,black,0.8,1
T10,9,square,black,0.8,1
T11,5,square,black,0.8,1
T12,4,square,black,0.8,1
T15,1,square,black,0.8,1
T25,1,square,black,0.8,1
T24,2,square,black,0.8,1
T39,1,square,black,0.8,1
TA00,3,square,black,0.8,1
TA03,10,square,black,0.8,1
TA08,3,square,black,0.8,1
TA02,12,square,black,0.8,1
TA07,1,square,black,0.8,1
TA09,2,square,black,0.8,1
TA01,11,square,black,0.8,1
TA04,2,square,black,0.8,1
TA10,13,square,black,0.8,1
TA11,16,square,black,0.8,1
TA12,3,square,black,0.8,1
TA13,5,square,black,0.8,1
TA15,3,square,black,0.8,1
TA17,1,square,black,0.8,1
TA16,1,square,black,0.8,1
TA14,1,square,black,0.8,1
TA20,18,square,black,0.8,1
TA21,6,square,black,0.8,1
TA22,2,square,black,0.8,1
TA24,1,square,black,0.8,1
TA23,1,square,black,0.8,1
TA33,1,square,black,0.8,1
TA30,1,square,black,0.8,1
TF00,14,square,black,0.8,1
TF03,2,square,black,0.8,1
TF07,12,square,black,0.8,1
TF09,9,square,black,0.8,1
TF01,2,square,black,0.8,1
TF04,7,square,black,0.8,1
TF06,4,square,black,0.8,1
TF05,2,square,black,0.8,1
TF08,5,square,black,0.8,1
TF02,1,square,black,0.8,1
TF11,4,square,black,0.8,1
TF17,8,square,black,0.8,1
TF18,1,square,black,0.8,1
TF19,2,square,black,0.8,1
TF13,3,square,black,0.8,1
TF14,5,square,black,0.8,1
TF10,4,square,black,0.8,1
TF16,1,square,black,0.8,1
TF15,2,square,black,0.8,1
TF20,8,square,black,0.8,1
TF27,4,square,black,0.8,1
TF21,3,square,black,0.8,1
TF23,11,square,black,0.8,1
TF24,3,square,black,0.8,1
TF28,1,square,black,0.8,1
TF25,3,square,black,0.8,1
TF22,2,square,black,0.8,1
TF26,4,square,black,0.8,1
TF29,4,square,black,0.8,1
TF33,5,square,black,0.8,1
TF35,7,square,black,0.8,1
TF36,9,square,black,0.8,1
TF38,7,square,black,0.8,1
TF39,3,square,black,0.8,1
TF30,6,square,black,0.8,1
TF34,6,square,black,0.8,1
TF32,3,square,black,0.8,1
TF31,2,square,black,0.8,1
TF37,4,square,black,0.8,1
TF44,2,square,black,0.8,1
TF46,2,square,black,0.8,1
TF47,3,square,black,0.8,1
TF40,5,square,black,0.8,1
TF42,6,square,black,0.8,1
TF45,1,square,black,0.8,1
TF49,4,square,black,0.8,1
TF41,3,square,black,0.8,1
TF48,2,square,black,0.8,1
TF51,9,square,black,0.8,1
TF52,1,square,black,0.8,1
TF57,1,square,black,0.8,1
TF50,5,square,black,0.8,1
TF55,4,square,black,0.8,1
TF56,2,square,black,0.8,1
TF60,3,square,black,0.8,1
TF61,8,square,black,0.8,1
TF62,8,square,black,0.8,1
TF63,2,square,black,0.8,1
TF64,2,square,black,0.8,1
TF71,6,square,black,0.8,1
TF72,5,square,black,0.8,1
TF74,4,square,black,0.8,1
TF70,2,square,black,0.8,1
TF73,1,square,black,0.8,1
TF80,5,square,black,0.8,1
TF83,7,square,black,0.8,1
TF81,5,square,black,0.8,1
TF82,5,square,black,0.8,1
TF84,4,square,black,0.8,1
TF91,7,square,black,0.8,1
TF92,3,square,black,0.8,1
TF93,3,square,black,0.8,1
TF90,3,square,black,0.8,1
TF94,3,square,black,0.8,1
TG00,6,square,black,0.8,1
TG01,9,square,black,0.8,1
TG02,5,square,black,0.8,1
TG04,8,square,black,0.8,1
TG03,7,square,black,0.8,1
TG10,18,square,black,0.8,1
TG11,19,square,black,0.8,1
TG13,2,square,black,0.8,1
TG14,8,square,black,0.8,1
TG12,9,square,black,0.8,1
TG20,22,square,black,0.8,1
TG21,20,square,black,0.8,1
TG22,9,square,black,0.8,1
TG23,10,square,black,0.8,1
TG24,2,square,black,0.8,1
TG30,14,square,black,0.8,1
TG31,13,square,black,0.8,1
TG32,9,square,black,0.8,1
TG33,3,square,black,0.8,1
TG40,10,square,black,0.8,1
TG41,14,square,black,0.8,1
TG50,1,square,black,0.8,1
TG51,3,square,black,0.8,1
TL01,4,square,black,0.8,1
TL03,11,square,black,0.8,1
TL05,3,square,black,0.8,1
TL07,3,square,black,0.8,1
TL02,4,square,black,0.8,1
TL08,3,square,black,0.8,1
TL04,8,square,black,0.8,1
TL00,5,square,black,0.8,1
TL09,5,square,black,0.8,1
TL06,1,square,black,0.8,1
TL10,15,square,black,0.8,1
TL11,5,square,black,0.8,1
TL12,4,square,black,0.8,1
TL13,10,square,black,0.8,1
TL14,10,square,black,0.8,1
TL16,7,square,black,0.8,1
TL19,16,square,black,0.8,1
TL17,7,square,black,0.8,1
TL15,1,square,black,0.8,1
TL18,6,square,black,0.8,1
TL20,15,square,black,0.8,1
TL23,17,square,black,0.8,1
TL24,4,square,black,0.8,1
TL25,2,square,black,0.8,1
TL27,4,square,black,0.8,1
TL29,4,square,black,0.8,1
TL21,9,square,black,0.8,1
TL26,5,square,black,0.8,1
TL22,6,square,black,0.8,1
TL30,12,square,black,0.8,1
TL31,9,square,black,0.8,1
TL34,11,square,black,0.8,1
TL37,3,square,black,0.8,1
TL33,2,square,black,0.8,1
TL35,8,square,black,0.8,1
TL36,10,square,black,0.8,1
TL32,5,square,black,0.8,1
TL38,3,square,black,0.8,1
TL39,2,square,black,0.8,1
TL42,5,square,black,0.8,1
TL44,10,square,black,0.8,1
TL45,18,square,black,0.8,1
TL46,10,square,black,0.8,1
TL48,3,square,black,0.8,1
TL40,11,square,black,0.8,1
TL49,2,square,black,0.8,1
TL41,4,square,black,0.8,1
TL47,1,square,black,0.8,1
TL50,7,square,black,0.8,1
TL53,9,square,black,0.8,1
TL54,8,square,black,0.8,1
TL55,10,square,black,0.8,1
TL56,5,square,black,0.8,1
TL57,7,square,black,0.8,1
TL52,5,square,black,0.8,1
TL59,3,square,black,0.8,1
TL51,1,square,black,0.8,1
TL58,1,square,black,0.8,1
TL60,11,square,black,0.8,1
TL63,1,square,black,0.8,1
TL65,1,square,black,0.8,1
TL66,10,square,black,0.8,1
TL67,7,square,black,0.8,1
TL69,3,square,black,0.8,1
TL62,2,square,black,0.8,1
TL61,3,square,black,0.8,1
TL64,1,square,black,0.8,1
TL70,16,square,black,0.8,1
TL71,7,square,black,0.8,1
TL72,9,square,black,0.8,1
TL76,7,square,black,0.8,1
TL77,15,square,black,0.8,1
TL75,2,square,black,0.8,1
TL78,3,square,black,0.8,1
TL74,1,square,black,0.8,1
TL79,3,square,black,0.8,1
TL73,2,square,black,0.8,1
TL80,7,square,black,0.8,1
TL81,9,square,black,0.8,1
TL82,8,square,black,0.8,1
TL86,8,square,black,0.8,1
TL87,5,square,black,0.8,1
TL89,4,square,black,0.8,1
TL88,11,square,black,0.8,1
TL83,1,square,black,0.8,1
TL84,3,square,black,0.8,1
TL85,3,square,black,0.8,1
TL92,15,square,black,0.8,1
TL93,6,square,black,0.8,1
TL94,5,square,black,0.8,1
TL96,5,square,black,0.8,1
TL98,14,square,black,0.8,1
TL99,5,square,black,0.8,1
TL91,1,square,black,0.8,1
TL97,1,square,black,0.8,1
TM02,14,square,black,0.8,1
TM06,3,square,black,0.8,1
TM04,6,square,black,0.8,1
TM03,9,square,black,0.8,1
TM09,10,square,black,0.8,1
TM05,4,square,black,0.8,1
TM08,4,square,black,0.8,1
TM07,1,square,black,0.8,1
TM12,10,square,black,0.8,1
TM13,6,square,black,0.8,1
TM15,10,square,black,0.8,1
TM16,3,square,black,0.8,1
TM17,6,square,black,0.8,1
TM18,11,square,black,0.8,1
TM19,10,square,black,0.8,1
TM11,9,square,black,0.8,1
TM14,10,square,black,0.8,1
TM21,1,square,black,0.8,1
TM23,9,square,black,0.8,1
TM24,12,square,black,0.8,1
TM27,1,square,black,0.8,1
TM28,9,square,black,0.8,1
TM29,8,square,black,0.8,1
TM22,1,square,black,0.8,1
TM25,2,square,black,0.8,1
TM33,2,square,black,0.8,1
TM34,5,square,black,0.8,1
TM35,4,square,black,0.8,1
TM36,5,square,black,0.8,1
TM39,11,square,black,0.8,1
TM38,4,square,black,0.8,1
TM37,2,square,black,0.8,1
TM49,10,square,black,0.8,1
TM44,4,square,black,0.8,1
TM45,5,square,black,0.8,1
TM46,7,square,black,0.8,1
TM47,6,square,black,0.8,1
TM48,3,square,black,0.8,1
TM57,2,square,black,0.8,1
TM59,1,square,black,0.8,1
TM58,1,square,black,0.8,1
TQ00,1,square,black,0.8,1
TQ03,2,square,black,0.8,1
TQ04,4,square,black,0.8,1
TQ05,18,square,black,0.8,1
TQ06,18,square,black,0.8,1
TQ07,19,square,black,0.8,1
TQ08,19,square,black,0.8,1
TQ09,15,square,black,0.8,1
TQ01,1,square,black,0.8,1
TQ15,18,square,black,0.8,1
TQ16,21,square,black,0.8,1
TQ17,19,square,black,0.8,1
TQ18,10,square,black,0.8,1
TQ11,1,square,black,0.8,1
TQ19,8,square,black,0.8,1
TQ13,4,square,black,0.8,1
TQ14,9,square,black,0.8,1
TQ12,2,square,black,0.8,1
TQ10,1,square,black,0.8,1
TQ20,4,square,black,0.8,1
TQ25,18,square,black,0.8,1
TQ26,20,square,black,0.8,1
TQ27,13,square,black,0.8,1
TQ28,15,square,black,0.8,1
TQ29,10,square,black,0.8,1
TQ24,9,square,black,0.8,1
TQ23,2,square,black,0.8,1
TQ31,1,square,black,0.8,1
TQ34,6,square,black,0.8,1
TQ35,12,square,black,0.8,1
TQ36,5,square,black,0.8,1
TQ37,6,square,black,0.8,1
TQ38,5,square,black,0.8,1
TQ33,3,square,black,0.8,1
TQ30,2,square,black,0.8,1
TQ39,15,square,black,0.8,1
TQ32,2,square,black,0.8,1
TQ45,9,square,black,0.8,1
TQ46,12,square,black,0.8,1
TQ47,18,square,black,0.8,1
TQ48,12,square,black,0.8,1
TQ49,15,square,black,0.8,1
TQ40,2,square,black,0.8,1
TQ44,1,square,black,0.8,1
TQ55,12,square,black,0.8,1
TQ56,15,square,black,0.8,1
TQ57,18,square,black,0.8,1
TQ58,19,square,black,0.8,1
TQ59,13,square,black,0.8,1
TQ53,2,square,black,0.8,1
TQ54,9,square,black,0.8,1
TQ50,1,square,black,0.8,1
TQ64,12,square,black,0.8,1
TQ65,11,square,black,0.8,1
TQ66,7,square,black,0.8,1
TQ67,11,square,black,0.8,1
TQ68,13,square,black,0.8,1
TQ69,7,square,black,0.8,1
TQ63,4,square,black,0.8,1
TQ60,1,square,black,0.8,1
TQ70,2,square,black,0.8,1
TQ73,5,square,black,0.8,1
TQ75,11,square,black,0.8,1
TQ76,20,square,black,0.8,1
TQ78,2,square,black,0.8,1
TQ79,7,square,black,0.8,1
TQ74,6,square,black,0.8,1
TQ77,7,square,black,0.8,1
TQ71,1,square,black,0.8,1
TQ72,1,square,black,0.8,1
TQ85,11,square,black,0.8,1
TQ87,2,square,black,0.8,1
TQ88,3,square,black,0.8,1
TQ84,1,square,black,0.8,1
TQ86,8,square,black,0.8,1
TQ83,1,square,black,0.8,1
TQ89,1,square,black,0.8,1
TQ91,5,square,black,0.8,1
TQ93,1,square,black,0.8,1
TQ94,9,square,black,0.8,1
TQ95,8,square,black,0.8,1
TQ96,6,square,black,0.8,1
TQ99,1,square,black,0.8,1
TQ92,3,square,black,0.8,1
TQ97,3,square,black,0.8,1
TQ98,1,square,black,0.8,1
TR01,7,square,black,0.8,1
TR04,8,square,black,0.8,1
TR05,6,square,black,0.8,1
TR06,6,square,black,0.8,1
TR02,13,square,black,0.8,1
TR03,4,square,black,0.8,1
TR09,1,square,black,0.8,1
TR13,9,square,black,0.8,1
TR15,13,square,black,0.8,1
TR16,16,square,black,0.8,1
TR23,7,square,black,0.8,1
TR25,4,square,black,0.8,1
TR26,10,square,black,0.8,1
TR24,8,square,black,0.8,1
TR33,1,square,black,0.8,1
TR34,8,square,black,0.8,1
TR35,8,square,black,0.8,1
TR36,10,square,black,0.8,1
TR37,1,square,black,0.8,1
TV49,1,square,black,0.8,1
TV59,2,square,black,0.8,1
V29,1,square,black,0.8,1
V36,3,square,black,0.8,1
V59,1,square,black,0.8,1
V55,1,square,black,0.8,1
V64,1,square,black,0.8,1
V72,1,square,black,0.8,1
V74,1,square,black,0.8,1
V85,1,square,black,0.8,1
V92,1,square,black,0.8,1
V94,1,square,black,0.8,1
W02,2,square,black,0.8,1
W13,1,square,black,0.8,1
W23,4,square,black,0.8,1
W29,1,square,black,0.8,1
W37,3,square,black,0.8,1
W33,1,square,black,0.8,1
W43,1,square,black,0.8,1
W56,1,square,black,0.8,1
W66,2,square,black,0.8,1
W67,4,square,black,0.8,1
W65,1,square,black,0.8,1
W74,1,square,black,0.8,1
W77,2,square,black,0.8,1
W75,1,square,black,0.8,1
W76,1,square,black,0.8,1
W86,3,square,black,0.8,1
W85,1,square,black,0.8,1
W96,3,square,black,0.8,1
W97,1,square,black,0.8,1
X06,2,square,black,0.8,1
X07,1,square,black,0.8,1
X17,4,square,black,0.8,1
X28,5,square,black,0.8,1
X29,2,square,black,0.8,1
X38,1,square,black,0.8,1
X39,5,square,black,0.8,1
X49,5,square,black,0.8,1
X59,2,square,black,0.8,1
X69,2,square,black,0.8,1
X79,4,square,black,0.8,1
X99,3,square,black,0.8,1
WA50,5,square,black,0.8,1
WA60,1,square,black,0.8,1
WV27,10,square,black,0.8,1
WV28,1,square,black,0.8,1
WV37,5,square,black,0.8,1
WV38,7,square,black,0.8,1
WV47,6,square,black,0.8,1
WV55,8,square,black,0.8,1
WV54,4,square,black,0.8,1
WV64,7,square,black,0.8,1
WV65,8,square,black,0.8,1
WV74,2,square,black,0.8,1
WV75,3,square,black,0.8,1
WV76,1,square,black,0.8,1
